station_id,total_records,temp_missing,pres_missing,wind_missing,precip_missing,overall_missing_rate,time_coverage,quality_score
573480,8784,0.0,0.0,0.0,0.0,0.0,1.0,0.9999999999999999
524360,8784,0.0,0.0,0.0,0.0,0.0,1.0,0.9999999999999999
549090,8784,0.0,0.0,0.0,0.0,0.0,1.0,0.9999999999999999
590070,8784,0.0,0.0,0.0,0.0,0.0,1.0,0.9999999999999999
442630,2920,0.0,0.0,0.0,0.021232876712328767,0.005308219178082192,0.332498291960829,0.9332498291960828
540940,8784,0.0,0.0,0.0,0.0,0.0,1.0,0.9999999999999999
532760,8784,0.0,0.0,0.0,0.0,0.0,1.0,0.9999999999999999
540960,8784,0.0,0.0,0.0,0.0,0.0,1.0,0.9999999999999999
549160,8784,0.0,0.0,0.0,0.0,0.0,1.0,0.9999999999999999
573780,8784,0.0,0.0,0.0,0.0,0.0,1.0,0.9999999999999999
516440,8784,0.0,0.0,0.0,0.0,0.0,1.0,0.9999999999999999
541020,8784,0.0,0.0,0.0,0.00011384335154826958,2.8460837887067395e-05,1.0,0.9999999999999999
582030,8784,0.00011384335154826958,0.00011384335154826958,0.00011384335154826958,0.0,8.538251366120219e-05,1.0,0.9998975409836065
590230,8784,0.0,0.0,0.0,0.0,0.0,1.0,0.9999999999999999
549290,8784,0.00011384335154826958,0.00011384335154826958,0.00011384335154826958,0.0,8.538251366120219e-05,1.0,0.9998975409836065
598450,8784,0.0,0.0,0.0,0.0,0.0,1.0,0.9999999999999999
582080,8784,0.00011384335154826958,0.00011384335154826958,0.007969034608378871,0.0,0.0020491803278688526,1.0,0.9983265027322404
565710,8784,0.0,0.0,0.0,0.0,0.0,1.0,0.9999999999999999
516560,8784,0.00011384335154826958,0.0,0.0,0.0,2.8460837887067395e-05,1.0,0.9999544626593807
541150,8784,0.0,0.0,0.0,0.0,0.0,1.0,0.9999999999999999
598550,8784,0.0,0.0,0.0,0.00011384335154826958,2.8460837887067395e-05,1.0,0.9999999999999999
508440,8784,0.0,0.00022768670309653916,0.00022768670309653916,0.0,0.00011384335154826958,1.0,0.9998861566484516
573990,8784,0.0,0.0,0.0009107468123861566,0.0,0.00022768670309653916,1.0,0.9998178506375227
582210,8784,0.0,0.0,0.0,0.0,0.0,1.0,0.9999999999999999
549450,8784,0.0,0.0,0.001366120218579235,0.0,0.00034153005464480874,1.0,0.9997267759562841
565860,8784,0.0,0.0,0.0,0.0,0.0,1.0,0.9999999999999999
508540,8784,0.0,0.0,0.0,0.0,0.0,1.0,0.9999999999999999
590460,8784,0.0,0.0,0.0,0.0,0.0,1.0,0.9999999999999999
524950,8784,0.0,0.0,0.0,0.0,0.0,1.0,0.9999999999999999
574110,8784,0.0,0.0,0.0010245901639344263,0.0,0.00025614754098360657,1.0,0.9997950819672131
557730,8783,0.0,0.0,0.0,0.0,0.0,0.9998861566484517,0.9999886156648451
541350,8784,0.0,0.0,0.0,0.0,0.0,1.0,0.9999999999999999
590580,8784,0.0,0.0,0.0,0.0,0.0,1.0,0.9999999999999999
574260,8784,0.0,0.0,0.0,0.0,0.0,1.0,0.9999999999999999
582510,8784,0.0,0.0,0.0,0.0,0.0,1.0,0.9999999999999999
533360,8784,0.0006830601092896175,0.0006830601092896175,0.0006830601092896175,0.00011384335154826958,0.0005407559198542805,1.0,0.9993852459016392
590720,8784,0.0,0.0,0.0,0.0,0.0,1.0,0.9999999999999999
541570,8784,0.00022768670309653916,0.00022768670309653916,0.00022768670309653916,0.0,0.00017076502732240437,1.0,0.999795081967213
730010,8778,0.0,0.0,0.0,0.005468215994531784,0.001367053998632946,0.9993169398907104,0.999931693989071
508880,8784,0.0,0.0,0.0,0.0,0.0,1.0,0.9999999999999999
590820,8784,0.0,0.0,0.0,0.0,0.0,1.0,0.9999999999999999
517110,8784,0.0,0.0,0.0,0.0,0.0,1.0,0.9999999999999999
582650,8784,0.0,0.0,0.0,0.0,0.0,1.0,0.9999999999999999
574470,8784,0.0,0.0,0.0,0.0,0.0,1.0,0.9999999999999999
533520,8784,0.0,0.0,0.0,0.0,0.0,1.0,0.9999999999999999
525330,8784,0.0,0.0,0.00034153005464480874,0.0,8.538251366120219e-05,1.0,0.999931693989071
590870,8784,0.0,0.0,0.0,0.0,0.0,1.0,0.9999999999999999
517160,8784,0.0,0.0,0.0,0.0,0.0,1.0,0.9999999999999999
590960,8784,0.0,0.0,0.0,0.0,0.0,1.0,0.9999999999999999
541810,8784,0.0,0.0,0.0,0.0,0.0,1.0,0.9999999999999999
574610,8784,0.0,0.0,0.0,0.0,0.0,1.0,0.9999999999999999
541860,8784,0.0,0.0,0.0,0.0,0.0,1.0,0.9999999999999999
591020,8784,0.0,0.0,0.0,0.0,0.0,1.0,0.9999999999999999
517300,8784,0.0,0.0,0.0,0.0,0.0,1.0,0.9999999999999999
509150,8784,0.0,0.0,0.0,0.0,0.0,1.0,0.9999999999999999
566510,8784,0.0,0.0,0.0,0.0,0.0,1.0,0.9999999999999999
525570,8784,0.0,0.0,0.00011384335154826958,0.0,2.8460837887067395e-05,1.0,0.9999772313296903
533780,8784,0.0,0.0,0.0,0.0,0.0,1.0,0.9999999999999999
574760,8782,0.0020496470052379866,0.0020496470052379866,0.002391254839444318,0.0,0.0016226372124800727,0.9997723132969034,0.998064227458135
591170,8784,0.0,0.0,0.0,0.0,0.0,1.0,0.9999999999999999
517470,8784,0.0,0.0,0.0,0.0,0.0,1.0,0.9999999999999999
542080,8784,0.00011384335154826958,0.00011384335154826958,0.00011384335154826958,0.00011384335154826958,0.00011384335154826958,1.0,0.9998975409836065
533910,8784,0.00022768670309653916,0.00022768670309653916,0.00022768670309653916,0.0,0.00017076502732240437,1.0,0.999795081967213
566710,8784,0.0,0.0,0.0,0.0,0.0,1.0,0.9999999999999999
599480,8784,0.0009107468123861566,0.00034153005464480874,0.00022768670309653916,0.0,0.00036999089253187615,1.0,0.9994877049180327
542180,8784,0.0,0.0,0.0,0.00011384335154826958,2.8460837887067395e-05,1.0,0.9999999999999999
419300,2609,0.0038328861632809506,0.0003832886163280951,0.0,0.16864699118436183,0.043215791490992715,0.2972880583409298,0.9280806647838822
583140,8784,0.0,0.0,0.0,0.0,0.0,1.0,0.9999999999999999
517650,8784,0.0,0.0,0.0,0.0,0.0,1.0,0.9999999999999999
509490,8784,0.0,0.0,0.0,0.00011384335154826958,2.8460837887067395e-05,1.0,0.9999999999999999
542260,8784,0.0,0.0,0.0,0.00011384335154826958,2.8460837887067395e-05,1.0,0.9999999999999999
575030,8784,0.0,0.0,0.0,0.0,0.0,1.0,0.9999999999999999
566840,8784,0.0,0.0,0.0,0.0,0.0,1.0,0.9999999999999999
730710,8772,0.0,0.0,0.0,0.16358869129046968,0.04089717282261742,0.9986338797814208,0.999863387978142
509530,8784,0.0,0.0,0.0,0.0,0.0,1.0,0.9999999999999999
501360,8784,0.00034153005464480874,0.00034153005464480874,0.00034153005464480874,0.0,0.00025614754098360657,1.0,0.9996926229508197
566910,8784,0.0,0.00011384335154826958,0.0,0.00034153005464480874,0.00011384335154826958,1.0,0.9999658469945355
517770,8784,0.0,0.0,0.0,0.0,0.0,1.0,0.9999999999999999
542360,8784,0.0,0.0,0.0,0.0,0.0,1.0,0.9999999999999999
509630,8784,0.0,0.0,0.0,0.0,0.0,1.0,0.9999999999999999
526020,8784,0.0,0.0,0.0,0.0,0.0,1.0,0.9999999999999999
583380,8784,0.00011384335154826958,0.00011384335154826958,0.00011384335154826958,0.0,8.538251366120219e-05,1.0,0.9998975409836065
509680,8784,0.0030737704918032786,0.00022768670309653916,0.00022768670309653916,0.0,0.0008822859744990893,1.0,0.9986566484517303
599810,8784,0.0,0.0,0.0,0.0,0.0,1.0,0.9999999999999999
419610,652,0.0,0.0,0.0,0.17177914110429449,0.04294478527607362,0.074318933090163,0.9074318933090162
583450,8784,0.0,0.0,0.0,0.0,0.0,1.0,0.9999999999999999
223060,5793,0.0,0.0,0.0,0.0,0.0,0.6594945355191257,0.9659494535519125
509780,8784,0.0,0.0,0.0,0.0,0.0,1.0,0.9999999999999999
542590,8784,0.0,0.0,0.0,0.0,0.0,1.0,0.9999999999999999
509830,8784,0.0,0.0,0.0,0.0,0.0,1.0,0.9999999999999999
583620,8784,0.0,0.0,0.0,0.0,0.0,1.0,0.9999999999999999
518110,8784,0.0,0.0,0.0,0.0,0.0,1.0,0.9999999999999999
542730,8784,0.0,0.0,0.0,0.0,0.0,1.0,0.9999999999999999
518180,8784,0.0,0.0,0.0,0.0,0.0,1.0,0.9999999999999999
575540,8784,0.0,0.0,0.0,0.0,0.0,1.0,0.9999999999999999
567390,8784,0.0,0.0,0.0,0.0,0.0,1.0,0.9999999999999999
518280,8784,0.0,0.0,0.0,0.0,0.0,1.0,0.9999999999999999
567480,8784,0.0,0.0,0.0,0.0,0.0,1.0,0.9999999999999999
526520,8784,0.0006830601092896175,0.0006830601092896175,0.0006830601092896175,0.0,0.0005122950819672131,1.0,0.9993852459016392
542920,8784,0.0,0.0,0.0,0.0,0.0,1.0,0.9999999999999999
567510,8784,0.0,0.0,0.0,0.0,0.0,1.0,0.9999999999999999
592090,8784,0.0,0.0,0.0,0.0,0.0,1.0,0.9999999999999999
592110,8784,0.0,0.0,0.0,0.0,0.0,1.0,0.9999999999999999
518390,8784,0.0,0.0,0.0,0.0,0.0,1.0,0.9999999999999999
534800,8784,0.0,0.0,0.0,0.0,0.0,1.0,0.9999999999999999
543010,8784,0.00011384335154826958,0.00011384335154826958,0.00011384335154826958,0.0,8.538251366120219e-05,1.0,0.9998975409836065
567630,8784,0.0,0.0,0.0,0.0,0.0,1.0,0.9999999999999999
534870,8784,0.0,0.0,0.0,0.0,0.0,1.0,0.9999999999999999
575840,8784,0.0,0.0,0.0,0.0,0.0,1.0,0.9999999999999999
543080,8784,0.0,0.0,0.0,0.0,0.0,1.0,0.9999999999999999
567680,8784,0.0006830601092896175,0.0006830601092896175,0.0006830601092896175,0.0,0.0005122950819672131,1.0,0.9993852459016392
543110,8784,0.0,0.0,0.0,0.0,0.0,1.0,0.9999999999999999
526810,8784,0.0,0.0,0.0,0.0,0.0,1.0,0.9999999999999999
535020,8784,0.0,0.0,0.00022768670309653916,0.0,5.692167577413479e-05,1.0,0.9999544626593806
575980,8784,0.0,0.0,0.0,0.00011384335154826958,2.8460837887067395e-05,1.0,0.9999999999999999
543240,8784,0.0,0.0,0.0,0.0,0.0,1.0,0.9999999999999999
576040,8784,0.0,0.0,0.0,0.0,0.0,1.0,0.9999999999999999
584240,8784,0.0,0.0,0.0004553734061930783,0.0,0.00011384335154826958,1.0,0.9999089253187613
567860,8784,0.0,0.0,0.0,0.0,0.0,1.0,0.9999999999999999
510530,8784,0.0,0.0,0.0,0.0,0.0,1.0,0.9999999999999999
535130,8784,0.0,0.0,0.0,0.0,0.0,1.0,0.9999999999999999
543370,8784,0.0,0.0,0.0,0.0,0.0,1.0,0.9999999999999999
592540,8784,0.0,0.0,0.0,0.0,0.0,1.0,0.9999999999999999
584370,8784,0.0,0.0,0.006830601092896175,0.0,0.0017076502732240437,1.0,0.9986338797814207
543420,8784,0.0,0.0,0.0,0.0,0.0,1.0,0.9999999999999999
502470,8784,0.0,0.0,0.0009107468123861566,0.0,0.00022768670309653916,1.0,0.9998178506375227
518860,8784,0.0,0.0,0.0,0.0,0.0,1.0,0.9999999999999999
543460,8784,0.0,0.0,0.0,0.0,0.0,1.0,0.9999999999999999
535290,8784,0.0,0.0,0.0,0.0,0.0,1.0,0.9999999999999999
592650,8784,0.0,0.0,0.00011384335154826958,0.0,2.8460837887067395e-05,1.0,0.9999772313296903
527130,8784,0.0,0.0,0.0,0.0,0.0,1.0,0.9999999999999999
510760,8784,0.0,0.0,0.0,0.0,0.0,1.0,0.9999999999999999
576330,8784,0.0,0.0,0.0,0.0,0.0,1.0,0.9999999999999999
535430,8784,0.0,0.0,0.0,0.00011384335154826958,2.8460837887067395e-05,1.0,0.9999999999999999
592780,8784,0.0,0.0,0.0,0.0,0.0,1.0,0.9999999999999999
510870,8784,0.0,0.0,0.0,0.0,0.0,1.0,0.9999999999999999
592800,8784,0.0,0.0,0.0,0.0,0.0,1.0,0.9999999999999999
560040,8784,0.0,0.0,0.00011384335154826958,0.00034153005464480874,0.00011384335154826958,1.0,0.9999772313296903
543740,8784,0.00022768670309653916,0.00022768670309653916,0.00022768670309653916,0.0009107468123861566,0.0003984517304189435,1.0,0.999795081967213
527370,8784,0.0,0.0,0.0,0.0,0.0,1.0,0.9999999999999999
584720,8784,0.0,0.0,0.0,0.0,0.0,1.0,0.9999999999999999
543770,8784,0.0,0.0,0.0,0.00011384335154826958,2.8460837887067395e-05,1.0,0.9999999999999999
592930,8784,0.0004553734061930783,0.0004553734061930783,0.0004553734061930783,0.00022768670309653916,0.0003984517304189435,1.0,0.9995901639344261
576550,8784,0.0,0.0,0.0,0.0,0.0,1.0,0.9999999999999999
560180,8784,0.0,0.0,0.0,0.0,0.0,1.0,0.9999999999999999
568380,8784,0.00011384335154826958,0.00011384335154826958,0.00011384335154826958,0.0,8.538251366120219e-05,1.0,0.9998975409836065
584770,8784,0.0,0.0,0.0,0.0,0.0,1.0,0.9999999999999999
560210,8784,0.0,0.0,0.0,0.0,0.0,1.0,0.9999999999999999
535640,8784,0.0,0.0,0.0,0.0,0.0,1.0,0.9999999999999999
576620,8784,0.00011384335154826958,0.00011384335154826958,0.00011384335154826958,0.0,8.538251366120219e-05,1.0,0.9998975409836065
543860,8784,0.0,0.0,0.0,0.0,0.0,1.0,0.9999999999999999
560290,8784,0.0,0.0,0.0,0.0,0.0,1.0,0.9999999999999999
527540,8784,0.0,0.0,0.0007969034608378871,0.0,0.00019922586520947178,1.0,0.9998406193078323
560330,8784,0.0,0.0,0.0,0.0,0.0,1.0,0.9999999999999999
544010,8784,0.0,0.0,0.0,0.0,0.0,1.0,0.9999999999999999
544050,8784,0.0,0.0,0.0,0.0,0.0,1.0,0.9999999999999999
544060,8784,0.0,0.0,0.0,0.0,0.0,1.0,0.9999999999999999
535880,8784,0.000569216757741348,0.000569216757741348,0.0023907103825136613,0.0,0.0008822859744990893,1.0,0.9991234061930784
560460,8784,0.0,0.00034153005464480874,0.019694899817850636,0.0,0.005009107468123861,1.0,0.9959585610200364
552280,8784,0.0,0.0,0.0,0.0,0.0,1.0,0.9999999999999999
511330,8784,0.0,0.0,0.0006830601092896175,0.0,0.00017076502732240437,1.0,0.999863387978142
585060,8784,0.0,0.0,0.006261384335154827,0.0,0.0015653460837887067,1.0,0.998747723132969
576870,8784,0.0,0.0,0.0,0.0,0.0,1.0,0.9999999999999999
535930,8784,0.0,0.0,0.0,0.0,0.0,1.0,0.9999999999999999
544210,8783,0.0,0.0,0.0,0.0,0.0,0.9998861566484517,0.9999886156648451
544230,8784,0.0,0.0,0.0,0.0,0.0,1.0,0.9999999999999999
527870,8784,0.0,0.0,0.0,0.0,0.0,1.0,0.9999999999999999
560650,8784,0.001138433515482696,0.001138433515482696,0.001366120218579235,0.0,0.0009107468123861566,1.0,0.9989298724954463
568860,8784,0.0,0.0,0.0,0.0,0.0,1.0,0.9999999999999999
577070,8784,0.00011384335154826958,0.00011384335154826958,0.00011384335154826958,0.0,8.538251366120219e-05,1.0,0.9998975409836065
585270,8784,0.00034153005464480874,0.00034153005464480874,0.0004553734061930783,0.0,0.000284608378870674,1.0,0.99966985428051
511560,8784,0.0,0.0,0.0,0.0,0.0,1.0,0.9999999999999999
536140,8784,0.00011384335154826958,0.000569216757741348,0.00011384335154826958,0.0004553734061930783,0.0003130692167577414,1.0,0.9997609289617487
577120,8784,0.0,0.0,0.0,0.0014799635701275046,0.00036999089253187615,1.0,0.9999999999999999
544360,8784,0.0,0.0,0.0,0.0,0.0,1.0,0.9999999999999999
560790,8784,0.0,0.00011384335154826958,0.0,0.0,2.8460837887067395e-05,1.0,0.9999658469945355
560800,8784,0.0,0.0,0.0,0.0,0.0,1.0,0.9999999999999999
560810,8784,0.00273224043715847,0.00273224043715847,0.002959927140255009,0.0,0.0021061020036429873,1.0,0.9974954462659381
585430,8784,0.0,0.0,0.0,0.0,0.0,1.0,0.9999999999999999
503530,8784,0.0,0.0,0.00022768670309653916,0.0,5.692167577413479e-05,1.0,0.9999544626593806
577310,8784,0.0,0.0,0.0,0.0,0.0,1.0,0.9999999999999999
560930,8784,0.0,0.0,0.0,0.0,0.0,1.0,0.9999999999999999
528180,8784,0.0,0.0,0.0,0.001366120218579235,0.00034153005464480874,1.0,0.9999999999999999
560960,8784,0.0004553734061930783,0.0004553734061930783,0.000569216757741348,0.0,0.00036999089253187615,1.0,0.9995673952641165
552790,8784,0.000569216757741348,0.0006830601092896175,0.000569216757741348,0.0,0.0004553734061930783,1.0,0.9994535519125683
585560,8784,0.0,0.0,0.0,0.0,0.0,1.0,0.9999999999999999
536460,8784,0.00022768670309653916,0.00022768670309653916,0.00022768670309653916,0.0,0.00017076502732240437,1.0,0.999795081967213
561060,8784,0.0,0.0,0.0,0.0,0.0,1.0,0.9999999999999999
577450,8784,0.0,0.0,0.001138433515482696,0.0,0.000284608378870674,1.0,0.9997723132969034
544720,8784,0.0,0.0,0.0,0.0,0.0,1.0,0.9999999999999999
577490,8784,0.0,0.0,0.0,0.0,0.0,1.0,0.9999999999999999
528360,8784,0.0,0.0,0.0006830601092896175,0.0,0.00017076502732240437,1.0,0.999863387978142
561160,8784,0.0,0.0,0.0,0.0,0.0,1.0,0.9999999999999999
552990,8784,0.0,0.0,0.0,0.0,0.0,1.0,0.9999999999999999
569460,8784,0.0,0.0,0.0,0.0,0.0,1.0,0.9999999999999999
577660,8784,0.0,0.0,0.0,0.0,0.0,1.0,0.9999999999999999
536730,8784,0.0,0.0,0.0,0.0,0.0,1.0,0.9999999999999999
544930,8784,0.0,0.0,0.0,0.0,0.0,1.0,0.9999999999999999
569510,8784,0.0,0.0,0.00011384335154826958,0.0,2.8460837887067395e-05,1.0,0.9999772313296903
569540,8784,0.00011384335154826958,0.00011384335154826958,0.00011384335154826958,0.0,8.538251366120219e-05,1.0,0.9998975409836065
544970,8784,0.0,0.0,0.0,0.0,0.0,1.0,0.9999999999999999
561370,8784,0.0,0.0,0.0,0.0,0.0,1.0,0.9999999999999999
577760,8784,0.001138433515482696,0.000569216757741348,0.000569216757741348,0.0,0.000569216757741348,1.0,0.9992600182149364
545010,8784,0.0,0.0,0.0,0.0,0.0,1.0,0.9999999999999999
569590,8784,0.00011384335154826958,0.00011384335154826958,0.00011384335154826958,0.0,8.538251366120219e-05,1.0,0.9998975409836065
594170,8784,0.0,0.0,0.0,0.0,0.0,1.0,0.9999999999999999
528660,8784,0.0,0.0,0.0,0.0,0.0,1.0,0.9999999999999999
561440,8784,0.00011384335154826958,0.00022768670309653916,0.00022768670309653916,0.00011384335154826958,0.0001707650273224044,1.0,0.9998406193078324
545060,8784,0.0,0.0,0.0,0.0,0.0,1.0,0.9999999999999999
569640,8784,0.0,0.0,0.0,0.0,0.0,1.0,0.9999999999999999
561460,8784,0.0,0.0,0.0,0.0,0.0,1.0,0.9999999999999999
569660,8784,0.0006830601092896175,0.0,0.00022768670309653916,0.0,0.00022768670309653916,1.0,0.9996812386156648
586060,8784,0.0,0.0010245901639344263,0.0,0.0010245901639344263,0.0005122950819672131,1.0,0.9996926229508197
569690,8784,0.0,0.0,0.0,0.0,0.0,1.0,0.9999999999999999
561520,8784,0.0,0.0,0.0,0.0012522768670309653,0.00031306921675774133,1.0,0.9999999999999999
577930,8784,0.0,0.0,0.0,0.0,0.0,1.0,0.9999999999999999
536980,8784,0.0,0.0,0.0,0.0,0.0,1.0,0.9999999999999999
512410,8784,0.0,0.0,0.0,0.0,0.0,1.0,0.9999999999999999
569770,8784,0.0,0.0,0.0,0.0,0.0,1.0,0.9999999999999999
512430,8784,0.0,0.0,0.0,0.0,0.0,1.0,0.9999999999999999
577990,8784,0.0,0.0,0.0,0.0,0.0,1.0,0.9999999999999999
537050,8784,0.0,0.0,0.0,0.0,0.0,1.0,0.9999999999999999
545270,8784,0.0,0.0,0.001366120218579235,0.0,0.00034153005464480874,1.0,0.9997267759562841
569850,8784,0.0,0.0,0.0,0.0,0.0,1.0,0.9999999999999999
561670,8784,0.0,0.0,0.0,0.0,0.0,1.0,0.9999999999999999
504340,8784,0.0,0.0,0.0009107468123861566,0.0,0.00022768670309653916,1.0,0.9998178506375227
561720,8784,0.0,0.0,0.0,0.0,0.0,1.0,0.9999999999999999
545340,8784,0.0,0.0,0.0,0.0,0.0,1.0,0.9999999999999999
586330,8784,0.00022768670309653916,0.0,0.0,0.0,5.692167577413479e-05,1.0,0.9999089253187613
545390,8784,0.0,0.0,0.0,0.0,0.0,1.0,0.9999999999999999
594560,8784,0.0,0.0,0.0,0.0,0.0,1.0,0.9999999999999999
545410,8784,0.0,0.0,0.0,0.0,0.0,1.0,0.9999999999999999
537230,8784,0.0,0.0,0.0,0.0,0.0,1.0,0.9999999999999999
570010,8784,0.0,0.0,0.002959927140255009,0.0,0.0007399817850637523,1.0,0.9994080145719489
561820,8784,0.00034153005464480874,0.00034153005464480874,0.00034153005464480874,0.0,0.00025614754098360657,1.0,0.9996926229508197
529080,8784,0.0,0.0,0.0,0.0,0.0,1.0,0.9999999999999999
561860,8784,0.0,0.0,0.0,0.0,0.0,1.0,0.9999999999999999
561870,8784,0.0,0.0,0.0,0.0,0.0,1.0,0.9999999999999999
586460,8784,0.0,0.0,0.0,0.0,0.0,1.0,0.9999999999999999
561920,8784,0.001366120218579235,0.001366120218579235,0.001366120218579235,0.0,0.0010245901639344263,1.0,0.9987704918032788
578320,8784,0.00022768670309653916,0.00022768670309653916,0.0010245901639344263,0.00011384335154826958,0.00039845173041894356,1.0,0.9996357012750455
586520,8784,0.0,0.0,0.0,0.0,0.0,1.0,0.9999999999999999
570140,8784,0.0,0.0,0.0,0.0,0.0,1.0,0.9999999999999999
561960,8784,0.0,0.0,0.0,0.00011384335154826958,2.8460837887067395e-05,1.0,0.9999999999999999
504680,8784,0.0,0.0,0.0,0.0,0.0,1.0,0.9999999999999999
512880,8784,0.0,0.0,0.0,0.0,0.0,1.0,0.9999999999999999
570250,8784,0.0,0.0,0.0,0.0,0.0,1.0,0.9999999999999999
578450,8784,0.0,0.0,0.0,0.0,0.0,1.0,0.9999999999999999
570260,8784,0.0,0.0,0.0,0.0,0.0,1.0,0.9999999999999999
586650,8784,0.0,0.0,0.0,0.0,0.0,1.0,0.9999999999999999
521120,8784,0.0,0.0,0.0,0.0,0.0,1.0,0.9999999999999999
586660,8784,0.0,0.0,0.00011384335154826958,0.0,2.8460837887067395e-05,1.0,0.9999772313296903
521180,8784,0.0,0.0,0.0,0.0,0.0,1.0,0.9999999999999999
578530,8784,0.0,0.0,0.00022768670309653916,0.0,5.692167577413479e-05,1.0,0.9999544626593806
537640,8784,0.0,0.0,0.0,0.0,0.0,1.0,0.9999999999999999
595010,8784,0.0,0.0,0.0,0.00022768670309653916,5.692167577413479e-05,1.0,0.9999999999999999
570460,8784,0.00011384335154826958,0.00011384335154826958,0.00011384335154826958,0.0,8.538251366120219e-05,1.0,0.9998975409836065
562270,8784,0.0,0.0,0.0,0.0,0.0,1.0,0.9999999999999999
578660,8784,0.0,0.0,0.0,0.0,0.0,1.0,0.9999999999999999
529550,8784,0.0,0.0,0.0,0.0,0.0,1.0,0.9999999999999999
570510,8784,0.0,0.0,0.0,0.0,0.0,1.0,0.9999999999999999
546020,8784,0.0,0.00011384335154826958,0.0,0.0,2.8460837887067395e-05,1.0,0.9999658469945355
546060,8784,0.0,0.0,0.0,0.0,0.0,1.0,0.9999999999999999
537870,8784,0.0,0.0,0.0,0.00011384335154826958,2.8460837887067395e-05,1.0,0.9999999999999999
570660,8784,0.0,0.0,0.0,0.0,0.0,1.0,0.9999999999999999
562470,8784,0.00022768670309653916,0.00022768670309653916,0.00022768670309653916,0.0,0.00017076502732240437,1.0,0.999795081967213
570670,8784,0.0,0.0,0.0,0.0,0.0,1.0,0.9999999999999999
513340,8784,0.0,0.0,0.0,0.0,0.0,1.0,0.9999999999999999
570710,8784,0.00022768670309653916,0.00022768670309653916,0.00022768670309653916,0.0,0.00017076502732240437,1.0,0.999795081967213
546160,8784,0.0,0.0,0.0,0.001366120218579235,0.00034153005464480874,1.0,0.9999999999999999
537980,8784,0.0,0.0,0.0,0.0,0.0,1.0,0.9999999999999999
546180,8784,0.0,0.0,0.0,0.0,0.0,1.0,0.9999999999999999
562570,8784,0.00011384335154826958,0.00011384335154826958,0.00011384335154826958,0.0,8.538251366120219e-05,1.0,0.9998975409836065
587150,8784,0.0,0.0,0.0,0.00011384335154826958,2.8460837887067395e-05,1.0,0.9999999999999999
546210,8784,0.0,0.0,0.0,0.0,0.0,1.0,0.9999999999999999
529830,8784,0.00011384335154826958,0.00011384335154826958,0.00011384335154826958,0.0,8.538251366120219e-05,1.0,0.9998975409836065
513460,8784,0.00011384335154826958,0.00011384335154826958,0.00011384335154826958,0.0,8.538251366120219e-05,1.0,0.9998975409836065
505270,8784,0.0004553734061930783,0.0004553734061930783,0.0004553734061930783,0.0,0.00034153005464480874,1.0,0.9995901639344261
570820,8784,0.0,0.0,0.0,0.0,0.0,1.0,0.9999999999999999
579020,8784,0.0,0.0,0.0,0.0,0.0,1.0,0.9999999999999999
587250,8784,0.0,0.0,0.0,0.0,0.0,1.0,0.9999999999999999
513560,8784,0.0,0.0,0.0,0.0,0.0,1.0,0.9999999999999999
587300,8784,0.0,0.0,0.0,0.0,0.0,1.0,0.9999999999999999
529960,8784,0.0,0.0,0.0,0.0,0.0,1.0,0.9999999999999999
587310,8784,0.0,0.0,0.0,0.0,0.0,1.0,0.9999999999999999
562760,8784,0.00011384335154826958,0.00011384335154826958,0.00011384335154826958,0.0,8.538251366120219e-05,1.0,0.9998975409836065
579160,8784,0.0,0.0,0.0,0.0,0.0,1.0,0.9999999999999999
505480,8784,0.0,0.0,0.00022768670309653916,0.00011384335154826958,8.538251366120219e-05,1.0,0.9999544626593806
579220,8784,0.0,0.00011384335154826958,0.0,0.0,2.8460837887067395e-05,1.0,0.9999658469945355
562860,8784,0.0,0.0,0.0,0.0,0.0,1.0,0.9999999999999999
571060,8784,0.0,0.0,0.00011384335154826958,0.0,2.8460837887067395e-05,1.0,0.9999772313296903
562870,8784,0.0,0.0,0.0,0.0,0.0,1.0,0.9999999999999999
554720,8784,0.00034153005464480874,0.00034153005464480874,0.00034153005464480874,0.0,0.00025614754098360657,1.0,0.9996926229508197
505570,8784,0.0,0.0,0.0,0.0,0.0,1.0,0.9999999999999999
579320,8784,0.0,0.0,0.0,0.0,0.0,1.0,0.9999999999999999
513790,8784,0.0,0.0,0.0,0.0,0.0,1.0,0.9999999999999999
587520,8784,0.0,0.0,0.0,0.0,0.0,1.0,0.9999999999999999
587540,8784,0.0,0.0,0.0,0.0,0.0,1.0,0.9999999999999999
505640,8784,0.0,0.0,0.0,0.0,0.0,1.0,0.9999999999999999
522030,8784,0.0,0.0,0.0,0.0,0.0,1.0,0.9999999999999999
538450,8784,0.0,0.0,0.0,0.0,0.0,1.0,0.9999999999999999
571270,8784,0.0,0.0,0.0,0.0,0.0,1.0,0.9999999999999999
571310,8784,0.0,0.0,0.0,0.00011384335154826958,2.8460837887067395e-05,1.0,0.9999999999999999
563120,8784,0.0,0.0,0.0,0.0,0.0,1.0,0.9999999999999999
538630,8784,0.00022768670309653916,0.00022768670309653916,0.0004553734061930783,0.0,0.00022768670309653916,1.0,0.9997495446265937
579720,8784,0.0,0.0,0.0,0.0,0.0,1.0,0.9999999999999999
489630,3605,0.005547850208044383,0.005547850208044383,0.005547850208044383,0.0030513176144244107,0.00492371705963939,0.41054549595718026,0.936061484408478
506030,8784,0.0,0.0,0.0,0.00011384335154826958,2.8460837887067395e-05,1.0,0.9999999999999999
489700,5007,0.0017974835230677051,0.0017974835230677051,0.0017974835230677051,0.0,0.0013481126423007788,0.5700136612021858,0.9553836309494576
489710,2782,0.0035945363048166786,0.0035945363048166786,0.0035945363048166786,0.0010783608914450035,0.00296549245147376,0.31671220400728595,0.9284361377263937
530680,8784,0.0,0.0,0.0,0.00011384335154826958,2.8460837887067395e-05,1.0,0.9999999999999999
514310,8784,0.0,0.0,0.0,0.0,0.0,1.0,0.9999999999999999
547110,8784,0.0,0.0,0.0,0.0,0.0,1.0,0.9999999999999999
547150,8784,0.0,0.0,0.0,0.0,0.0,1.0,0.9999999999999999
579930,8784,0.0,0.0,0.0,0.0,0.0,1.0,0.9999999999999999
596320,8784,0.0,0.0,0.0,0.0,0.0,1.0,0.9999999999999999
588130,8784,0.0,0.0,0.0,0.0,0.0,1.0,0.9999999999999999
538980,8784,0.0,0.0,0.0,0.0,0.0,1.0,0.9999999999999999
571760,8784,0.0,0.0,0.0,0.0,0.0,1.0,0.9999999999999999
563570,8784,0.0,0.0,0.0,0.0,0.0,1.0,0.9999999999999999
571780,8784,0.0,0.0,0.0,0.0,0.0,1.0,0.9999999999999999
547210,2946,0.0,0.0,0.0,0.0,0.0,0.33545889319061717,0.9335458893190616
530830,8784,0.0,0.0,0.0,0.0,0.0,1.0,0.9999999999999999
522670,8783,0.0,0.0,0.0,0.0,0.0,0.9998861566484517,0.9999886156648451
547250,8784,0.0,0.0,0.0,0.0,0.0,1.0,0.9999999999999999
547270,8784,0.0,0.0,0.0,0.0,0.0,1.0,0.9999999999999999
506320,8784,0.0,0.0,0.0,0.0,0.0,1.0,0.9999999999999999
489970,1958,0.008682328907048007,0.008682328907048007,0.008682328907048007,0.005107252298263534,0.007788559754851889,0.22341396622546783,0.9145273006062037
539150,8784,0.001138433515482696,0.0,0.0006830601092896175,0.0,0.0004553734061930783,1.0,0.999408014571949
571930,8784,0.00011384335154826958,0.00011384335154826958,0.00011384335154826958,0.0,8.538251366120219e-05,1.0,0.9998975409836065
563740,8784,0.0,0.0,0.0,0.0,0.0,1.0,0.9999999999999999
547370,8784,0.0,0.0,0.0,0.0,0.0,1.0,0.9999999999999999
588340,8784,0.0,0.0,0.0,0.0,0.0,1.0,0.9999999999999999
514630,8784,0.0,0.0,0.0,0.0,0.0,1.0,0.9999999999999999
539230,8784,0.00022768670309653916,0.00022768670309653916,0.0025045537340619307,0.0,0.0007399817850637523,1.0,0.99933970856102
596580,8784,0.00022768670309653916,0.00022768670309653916,0.00022768670309653916,0.0,0.00017076502732240437,1.0,0.999795081967213
514670,8784,0.0,0.0,0.0,0.0,0.0,1.0,0.9999999999999999
563850,8784,0.0,0.0,0.00034153005464480874,0.0,8.538251366120219e-05,1.0,0.999931693989071
596630,8784,0.0,0.0,0.0,0.0,0.0,1.0,0.9999999999999999
572060,8784,0.0,0.0,0.0,0.0,0.0,1.0,0.9999999999999999
580270,8784,0.0,0.0,0.0,0.0,0.0,1.0,0.9999999999999999
547510,8784,0.0,0.0,0.0,0.0,0.0,1.0,0.9999999999999999
711360,8778,0.0,0.0,0.0003417634996582365,0.0035315561631351104,0.0009683299156983367,0.9993169398907104,0.9998633412891393
506580,8784,0.0,0.0,0.0,0.0,0.0,1.0,0.9999999999999999
555780,8784,0.0,0.0,0.0,0.0,0.0,1.0,0.9999999999999999
580400,8784,0.0,0.0,0.0,0.001935336976320583,0.00048383424408014573,1.0,0.9999999999999999
555910,8783,0.0,0.0,0.0,0.00011385631333257428,2.846407833314357e-05,0.9998861566484517,0.9999886156648451
514950,8784,0.0,0.0,0.0,0.0,0.0,1.0,0.9999999999999999
547760,8784,0.0,0.0,0.0,0.0,0.0,1.0,0.9999999999999999
539590,8784,0.0014799635701275046,0.0014799635701275046,0.0014799635701275046,0.0010245901639344263,0.001366120218579235,1.0,0.9986680327868852
572370,8784,0.0,0.0,0.0,0.0,0.0,1.0,0.9999999999999999
523230,8784,0.00011384335154826958,0.00011384335154826958,0.00011384335154826958,0.0,8.538251366120219e-05,1.0,0.9998975409836065
572450,8784,0.0,0.0,0.0,0.0,0.0,1.0,0.9999999999999999
531490,8784,0.0,0.0,0.0,0.0,0.0,1.0,0.9999999999999999
572480,8784,0.00022768670309653916,0.00022768670309653916,0.00022768670309653916,0.0,0.00017076502732240437,1.0,0.999795081967213
539750,8784,0.0,0.0,0.0,0.0,0.0,1.0,0.9999999999999999
572590,8784,0.0,0.0,0.0,0.0,0.0,1.0,0.9999999999999999
564440,8784,0.0,0.0,0.0,0.0,0.0,1.0,0.9999999999999999
572650,8784,0.0,0.0,0.0,0.0,0.0,1.0,0.9999999999999999
548080,8784,0.00011384335154826958,0.00011384335154826958,0.00011384335154826958,0.0,8.538251366120219e-05,1.0,0.9998975409836065
589110,8784,0.0,0.0,0.0,0.0,0.0,1.0,0.9999999999999999
548160,8784,0.0,0.0,0.0,0.0,0.0,1.0,0.9999999999999999
515420,8784,0.0,0.0,0.0,0.0,0.0,1.0,0.9999999999999999
572790,8784,0.0,0.0,0.0,0.0,0.0,1.0,0.9999999999999999
548230,8784,0.0,0.0,0.0,0.0,0.0,1.0,0.9999999999999999
507270,8784,0.0,0.0,0.0,0.00011384335154826958,2.8460837887067395e-05,1.0,0.9999999999999999
564620,8784,0.00022768670309653916,0.00022768670309653916,0.0,0.0,0.00011384335154826958,1.0,0.9998406193078323
589210,8784,0.0,0.0,0.0,0.0,0.0,1.0,0.9999999999999999
581020,8784,0.0,0.0,0.0,0.0,0.0,1.0,0.9999999999999999
548260,8784,0.0,0.0,0.0,0.0,0.0,1.0,0.9999999999999999
589260,8784,0.0,0.0,0.0,0.0,0.0,1.0,0.9999999999999999
531920,8784,0.0,0.0,0.0,0.00011384335154826958,2.8460837887067395e-05,1.0,0.9999999999999999
540120,8784,0.0,0.0,0.0,0.00011384335154826958,2.8460837887067395e-05,1.0,0.9999999999999999
572900,8782,0.0,0.0,0.0017080391710316556,0.0,0.0004270097927579139,0.9997723132969034,0.9996356234954841
589310,8784,0.0,0.0,0.000569216757741348,0.0,0.000142304189435337,1.0,0.9998861566484517
523780,8784,0.00034153005464480874,0.00034153005464480874,0.00034153005464480874,0.0,0.00025614754098360657,1.0,0.9996926229508197
548360,8784,0.0,0.0,0.0,0.0,0.0,1.0,0.9999999999999999
572970,8784,0.0,0.0,0.0,0.0,0.0,1.0,0.9999999999999999
548410,8782,0.0,0.0,0.0,0.0,0.0,0.9997723132969034,0.9999772313296903
507450,8784,0.0,0.0,0.00011384335154826958,0.0,2.8460837887067395e-05,1.0,0.9999772313296903
597580,8784,0.00011384335154826958,0.00011384335154826958,0.00011384335154826958,0.0,8.538251366120219e-05,1.0,0.9998975409836065
548430,8784,0.0,0.0,0.0,0.0,0.0,1.0,0.9999999999999999
556640,8784,0.0,0.0,0.0,0.0,0.0,1.0,0.9999999999999999
540260,8784,0.0,0.0,0.0,0.0,0.0,1.0,0.9999999999999999
540270,8784,0.0004553734061930783,0.0004553734061930783,0.0004553734061930783,0.00011384335154826958,0.00036999089253187615,1.0,0.9995901639344261
589440,8784,0.0,0.0,0.0,0.0,0.0,1.0,0.9999999999999999
573060,8784,0.0,0.0,0.0,0.0,0.0,1.0,0.9999999999999999
515730,8784,0.0,0.0,0.0,0.0,0.0,1.0,0.9999999999999999
507560,8784,0.0,0.0,0.0,0.0,0.0,1.0,0.9999999999999999
564920,8784,0.0,0.0,0.0,0.0,0.0,1.0,0.9999999999999999
573170,8784,0.0,0.0,0.00022768670309653916,0.0,5.692167577413479e-05,1.0,0.9999544626593806
540410,8784,0.0,0.0,0.0,0.0,0.0,1.0,0.9999999999999999
548630,8784,0.0,0.0,0.0,0.0,0.0,1.0,0.9999999999999999
581410,8784,0.0,0.0,0.0,0.0,0.0,1.0,0.9999999999999999
540490,8784,0.0,0.0,0.00011384335154826958,0.0,2.8460837887067395e-05,1.0,0.9999772313296903
532310,8784,0.000569216757741348,0.000569216757741348,0.0006830601092896175,0.0,0.0004553734061930783,1.0,0.9994649362477231
450390,8784,0.016848816029143898,0.00011384335154826958,0.00011384335154826958,0.10780965391621129,0.031221539162112934,1.0,0.9932035519125683
507740,8784,0.00011384335154826958,0.00011384335154826958,0.00011384335154826958,0.0,8.538251366120219e-05,1.0,0.9998975409836065
573280,8784,0.0,0.0,0.0,0.0,0.0,1.0,0.9999999999999999
581500,8784,0.0,0.0,0.0,0.0,0.0,1.0,0.9999999999999999
450440,8784,0.000569216757741348,0.000569216757741348,0.00273224043715847,0.1096311475409836,0.028375455373406192,1.0,0.9990551001821494
450450,8784,0.014685792349726777,0.00022768670309653916,0.00034153005464480874,0.003870673952641166,0.0047814207650273225,1.0,0.9939890710382513
524180,8784,0.0,0.0,0.0,0.0,0.0,1.0,0.9999999999999999
556960,8784,0.0,0.0,0.0,0.0,0.0,1.0,0.9999999999999999
507880,8781,0.0007971757203052044,0.0007971757203052044,0.0007971757203052044,0.0004555289830315454,0.0007117640359867896,0.9996584699453552,0.9992483888462607
