V01301,V05001,V06001
561860,31.3272,104.1928
536460,38.2686,109.7803
547110,37.6686,116.265
541860,43.3675,128.2111
542730,42.9783,126.7597
560810,34.7008,103.3528
557730,27.7211,89.1539
517650,40.6475,87.6942
586650,28.6181,121.4164
560790,33.5944,102.9556
525570,39.1372,100.1858
543370,41.1403,121.1222
578530,26.7383,110.6369
570010,34.7503,105.3256
571760,33.4278,112.4636
598450,19.5108,109.5772
549450,35.4681,119.555
560930,34.4331,104.0175
567630,25.7225,101.8717
556960,28.4136,92.46
576550,28.4633,110.4031
539590,35.1114,111.0664
536730,38.7383,112.7142
567480,25.0442,99.1619
578450,26.1667,109.7833
576330,28.8219,108.7672
560650,34.7344,101.6011
545410,39.8956,119.2283
541150,43.6339,118.0283
587300,27.7558,118.0233
450440,22.2011,114.0267
548410,36.8583,119.4214
547150,37.3103,116.5217
526520,39.0792,100.275
582210,32.8436,117.3044
543010,41.6719,115.6531
541350,43.6689,122.3528
575540,29.4011,110.1622
531920,44.0167,115.0033
572790,32.1614,112.7767
523780,41.36,102.3583
569540,22.5631,99.9308
549090,35.0908,115.5233
524180,40.1431,94.6844
597580,19.9939,110.2469
581020,33.7914,115.7353
592110,23.9028,106.6064
570710,34.8019,112.4672
533360,41.5661,108.5078
540120,44.57,117.6272
517770,39.0239,88.1836
572450,32.6931,109.0417
515420,43.0336,84.1492
561370,31.1472,97.175
560040,34.2167,92.4375
548360,36.1825,118.17
544230,40.9742,117.9211
548630,36.775,121.1783
542080,42.1939,116.4664
543420,41.7325,123.51
544720,40.8797,122.7489
529830,35.8664,104.1431
535640,39.365,111.2131
541570,43.1203,124.3856
561160,31.4144,95.5933
560960,33.4025,104.9175
508880,46.3881,132.1653
561440,31.8033,98.5764
570670,34.0803,111.0728
535880,38.9414,113.5136
548230,36.6019,117.0081
573990,31.1308,114.9547
571780,33.1008,112.4869
518390,37.0678,82.6908
574470,30.2861,109.4711
525330,39.7711,98.4869
566710,26.4619,102.3231
574610,30.7367,111.3592
527870,37.1986,102.8681
531490,42.5294,110.1167
589210,25.9458,117.3689
577310,27.9311,108.245
572060,32.4244,105.8997
572480,32.3925,109.3425
591020,24.9503,115.6422
529960,35.3861,105.0083
505570,49.1561,125.2278
569460,23.5275,99.3897
570460,34.4811,110.0767
489700,12.483,106.167
223060,37.05,124.62
419610,21.9,90.2
535130,40.7219,107.3706
514630,43.7892,87.6458
544930,40.7092,124.7811
572590,32.0511,110.7475
573780,31.1983,112.6325
579020,25.4308,105.1833
571930,33.7819,114.5825
509680,45.2061,127.9794
570140,34.5614,105.8739
579320,25.9275,108.5122
589110,25.8528,116.3658
517160,39.7975,78.5711
506030,48.6781,116.8103
592800,23.7106,113.085
574110,30.7456,106.1319
546060,38.2231,115.7431
566910,26.8628,104.2803
545010,39.9742,115.6917
547250,37.4917,117.525
510870,47.0097,89.4931
577450,27.4547,109.6811
543080,41.2019,116.6342
560460,33.7578,99.6475
568380,24.0003,97.8456
507450,47.3761,123.9236
539750,35.4886,112.4106
542920,42.8742,129.5039
582510,32.8575,120.2767
599480,18.2256,109.5914
567860,25.6028,103.8142
584370,30.1347,118.1642
504680,50.2481,127.4619
518860,38.25,90.8517
518280,37.1206,79.925
569850,23.4444,103.3278
543770,41.1531,126.2178
508540,46.3856,125.3236
540960,44.3894,131.1644
511560,46.8119,85.7497
561820,32.6708,103.6033
560180,32.8931,95.2953
545270,39.0819,117.0533
542180,42.3081,118.8325
578660,26.2258,111.6167
530680,43.6303,111.9372
579930,25.8706,115.0142
586660,28.4514,121.9033
584770,30.0353,122.1069
584720,30.7317,122.4494
521120,43.7536,94.9758
590580,24.2036,110.5108
543460,41.3067,123.7753
566510,26.8475,100.2183
529550,35.5867,100.74
567680,25.0344,101.5542
517470,38.9675,83.6597
534800,41.0294,113.0703
534870,40.0789,113.4117
533520,41.7036,110.4353
539230,35.6797,107.6094
419300,22.82,89.57
564920,28.7689,104.6053
512410,45.9367,83.5947
585060,29.57,115.9769
524950,40.1622,104.8008
565860,27.3517,103.7189
586330,28.9939,118.8908
570250,34.5117,107.3781
535020,39.7778,105.75
592930,23.7828,114.7733
533780,41.2947,112.6186
577760,27.2961,112.6936
515730,42.9503,89.2308
547370,37.1803,118.0844
529080,35.2158,93.0808
526810,38.6319,103.0886
586060,28.59,115.9014
509530,45.9342,126.5811
598550,19.2089,110.4819
507740,47.7081,128.8358
587310,27.9233,118.5419
552280,32.4942,80.1003
577930,27.7911,114.3694
513790,43.9953,89.6044
561870,30.7489,103.8611
539150,35.5311,106.66
570820,34.4892,113.1056
561060,31.8878,93.7797
508440,46.4011,123.4533
573060,31.5842,105.9775
516440,41.7242,82.9703
571270,33.0678,107.0403
569660,23.6322,101.9683
509150,45.5125,116.9628
506580,48.0842,125.7878
546180,38.0919,116.5742
592090,23.4142,105.8189
561670,30.9714,101.1186
507270,47.1808,119.9344
532310,41.4008,106.4083
572370,32.0744,108.0317
523230,41.8047,97.0319
556640,28.6542,87.1203
530830,44.6175,114.1522
563740,30.055,101.9606
505480,49.1981,123.7214
533910,41.8956,114.0014
450450,22.1822,114.3033
548430,36.7575,119.2039
587250,27.3119,117.5006
542360,42.3842,122.5492
541020,43.95,116.1197
567510,25.7075,100.1767
528360,36.2958,98.0964
590720,24.8108,112.3708
562270,29.8581,95.7639
535930,39.8433,114.5539
537230,37.7925,107.39
583140,31.4008,116.3369
567390,24.9844,98.5056
546020,38.7333,115.4833
569510,23.8831,100.1208
526020,38.7439,93.3322
576620,29.1169,111.6764
560290,33.0014,96.9642
535290,39.0883,107.9625
489710,12.45,107.183
538630,37.0628,111.945
513340,44.5733,82.8194
518180,37.6147,78.2761
554720,30.9308,88.7047
560330,34.9172,98.2158
509490,45.0908,124.8669
577120,27.7264,106.9464
547760,37.3953,122.7033
575030,29.6197,105.1186
510530,48.0517,86.4058
595010,22.7917,115.3606
549160,35.5339,116.8425
562570,29.9911,100.2331
596630,21.8453,111.9783
540270,43.9581,119.3175
582080,32.2556,115.6356
566840,26.4022,103.2486
564620,29.0081,101.5008
545390,39.4292,118.8867
545340,39.7242,118.0953
548080,36.2156,115.6267
510760,47.7411,88.0711
561720,31.8989,102.2286
575980,29.03,114.5753
563850,29.5214,103.3356
537870,37.0692,112.9828
513460,44.4281,84.6861
590460,24.3628,109.46
537050,37.4842,105.6825
548160,36.5242,116.7969
442630,46.92,91.08
544060,40.4494,115.9689
587150,27.5767,116.6383
572900,32.9403,113.9144
547510,37.9392,120.7256
555910,29.6586,91.1353
592780,22.9906,112.4786
542590,42.0736,124.8658
577660,27.185,111.4536
599810,16.8328,112.3325
543240,41.5478,120.4292
577990,27.0433,114.9139
584240,30.6231,116.9672
711360,49.9018,-99.9414
730710,,
581410,33.6378,118.9269
542260,42.3167,120.6856
589260,25.2719,117.4292
514950,43.2125,91.7425
587540,27.335,120.2072
565710,27.9036,102.2678
594560,22.3469,110.925
560210,34.1286,95.8061
577490,27.6069,110.0306
562470,30.0028,99.1078
536140,38.4714,106.2078
582030,32.8775,115.7364
583380,31.1197,118.5947
544050,40.4175,115.5072
572970,32.1372,114.0433
512430,45.6103,84.8456
576040,28.7875,105.3928
589440,25.505,119.7828
573480,31.0281,109.4783
505640,49.4169,127.3314
587520,27.7833,120.6481
537980,37.1808,114.3589
517110,40.9414,78.4511
573280,31.2075,107.5067
528660,36.6644,101.7331
545060,39.32,115.9542
590070,24.0536,105.0519
536980,38.0197,114.3989
528180,36.4206,94.9083
516560,41.7303,85.8181
547270,36.6533,117.5164
730010,49.8202,-104.1811
583620,31.3908,121.4447
541810,43.7006,127.3322
570260,34.3703,107.8814
569640,22.8161,100.9911
549290,35.2514,118.0078
583450,31.4308,119.5
544210,40.6589,117.1117
562860,30.6136,104.2631
577070,27.2975,105.2886
571310,34.4456,108.9722
579220,25.8325,107.5481
555780,29.2503,88.8889
543740,41.8022,126.8947
540940,44.5039,129.6683
512880,45.36,90.5706
522670,41.9569,101.0611
507560,47.4453,126.8747
596580,21.1547,110.3033
574760,30.3503,112.1481
527130,37.8522,95.3528
561460,31.6192,99.9975
524360,40.2694,97.0269
590230,24.6939,108.0392
580400,34.8567,119.1278
574260,30.6806,107.7922
569590,22.0128,100.7822
588340,26.6381,118.1653
571060,33.3358,106.1467
586520,28.8672,120.7189
561520,32.275,100.3339
572650,32.4319,111.7319
561920,32.9483,104.6714
592650,23.4783,111.3036
450390,22.4025,114.21
562760,30.4583,103.8211
503530,51.7261,126.6389
579160,25.4286,106.7636
592540,23.3369,110.0314
546210,38.1739,115.1742
544010,40.7694,114.9194
590870,23.8814,113.5228
509780,45.305,130.9089
569690,21.4747,101.5783
535430,39.8153,110.0122
560800,34.9911,102.9047
544360,40.4086,118.9522
518110,38.4278,77.2417
568860,24.5264,103.7478
505270,49.25,119.7003
564440,28.4886,98.9069
540410,44.7947,123.0542
507880,47.2286,131.9989
522030,42.805,93.5167
502470,52.0361,123.5722
570510,34.7225,111.2428
585270,29.3122,117.1686
538450,36.5758,109.4497
552790,31.3972,90.0117
561960,31.4403,104.7264
580270,34.2872,117.1586
586460,28.3944,119.8542
514670,42.7592,86.3269
501360,52.9744,122.5131
590820,24.6706,113.6075
537640,37.5067,111.1131
509630,45.9825,128.7267
576870,28.1086,112.7864
532760,42.3978,112.9008
594170,22.3397,106.8536
527370,37.3744,97.3758
578320,26.9583,108.6744
588130,26.8344,116.3061
540260,44.5472,120.8989
573170,31.0222,106.3981
585560,29.5922,120.8111
547210,38.3431,117.8836
569770,22.6081,101.8558
543110,41.9606,117.7661
552990,31.4794,92.0611
585430,29.6061,119.0325
591170,24.2811,116.0692
582650,32.0994,121.5444
546160,38.3442,116.8475
570660,34.4042,111.6717
589310,25.7103,118.1058
563570,29.0425,100.2983
513560,44.3081,86.0008
521180,43.2422,94.6725
511330,46.7319,82.98
548260,36.2556,117.1056
543860,41.425,128.1992
581500,33.7481,120.3008
579720,25.7356,112.9772
506320,48.7594,121.9139
527540,37.3306,100.1378
544970,40.0317,124.3275
517300,40.6064,81.2564
538980,36.0536,114.1392
540490,44.2783,123.9672
563120,29.6475,94.3606
504340,50.4781,121.6867
575840,29.3806,113.0878
596320,21.9797,108.595
514310,43.9406,81.3264
562870,29.9831,102.9994
590960,24.3886,114.4958
509830,45.7606,132.8831
489630,12.8,102.6
489970,11.467,105.317
